Index_atom (ligand),Ligand_atom,Protein_atom,Residue
0,C.3,O.co2,ASP
0,C.3,O.3,THR
0,C.3,H,THR
0,C.3,O.3,HOH
0,C.3,H,HOH
0,C.3,H,HOH
2,C.2,O.co2,ASP
2,C.2,O.co2,ASP
2,C.2,H,GLY
3,N.pl3,C.2,ASP
3,N.pl3,O.co2,ASP
3,N.pl3,O.co2,ASP
3,N.pl3,H,GLY
3,N.pl3,C.2,ASP
3,N.pl3,O.co2,ASP
3,N.pl3,O.co2,ASP
3,N.pl3,C.3,GLY
3,N.pl3,H,GLY
4,N.2,C.2,ASP
4,N.2,O.co2,ASP
7,C.ar,C.ar,PHE
7,C.ar,H,PHE
8,C.ar,C.ar,PHE
8,C.ar,C.ar,PHE
8,C.ar,H,PHE
8,C.ar,H,PHE
8,C.ar,H,TRP
9,C.ar,H,TRP
9,C.ar,O.3,HOH
10,C.ar,H,HOH
12,C.ar,C.3,ILE
12,C.ar,H,ILE
12,C.ar,H,ILE
12,C.ar,H,TRP
13,C.ar,C.3,ILE
13,C.ar,H,ILE
13,C.ar,H,ILE
13,C.ar,H,ILE
14,C.ar,O.2,GLY
14,C.ar,H,HOH
15,C.ar,O.3,HOH
15,C.ar,H,HOH
16,Cl,H,GLY
16,Cl,H,GLY
16,Cl,H,THR
16,Cl,O.3,HOH
16,Cl,H,HOH
16,Cl,H,HOH
17,C.ar,H,LEU
17,C.ar,O.2,GLY
17,C.ar,H,HOH
22,H,O.2,GLY
22,H,O.3,THR
22,H,H,THR
22,H,H,THR
22,H,O.3,HOH
22,H,H,HOH
22,H,H,HOH
23,H,O.3,HOH
23,H,H,HOH
23,H,H,HOH
23,H,O.3,HOH
23,H,H,HOH
24,H,O.co2,ASP
24,H,O.3,THR
24,H,H,THR
24,H,O.3,HOH
24,H,H,HOH
24,H,H,HOH
24,H,O.3,HOH
24,H,H,HOH
25,H,C.2,ASP
25,H,O.co2,ASP
25,H,O.co2,ASP
25,H,N.am,GLY
25,H,C.3,GLY
25,H,H,GLY
25,H,H,GLY
25,H,C.2,ASP
25,H,O.co2,ASP
25,H,O.co2,ASP
25,H,C.3,GLY
25,H,H,GLY
25,H,H,GLY
26,H,C.ar,PHE
26,H,C.ar,PHE
26,H,H,PHE
26,H,H,PHE
26,H,H,ILE
27,H,O.2,PHE
27,H,C.ar,PHE
27,H,C.ar,PHE
27,H,C.ar,PHE
27,H,C.ar,PHE
27,H,H,PHE
27,H,H,PHE
27,H,H,PHE
27,H,H,TRP
28,H,O.2,PHE
28,H,H,ILE
28,H,C.ar,TRP
28,H,C.ar,TRP
28,H,H,TRP
28,H,H,TRP
28,H,H,HOH
28,H,O.3,HOH
28,H,H,HOH
28,H,H,HOH
29,H,C.3,ILE
29,H,H,ILE
29,H,H,ILE
29,H,H,ILE
29,H,H,TRP
29,H,H,HOH
29,H,H,HOH
29,H,O.3,HOH
29,H,H,HOH
29,H,H,HOH
30,H,O.2,GLY
30,H,H,GLN
30,H,C.3,ILE
30,H,H,ILE
30,H,H,ILE
30,H,H,ILE
31,H,O.2,SER
31,H,C.2,GLY
31,H,O.2,GLY
31,H,N.am,GLN
31,H,C.3,GLN
31,H,C.2,GLN
31,H,H,GLN
31,H,H,GLY
31,H,O.3,THR
31,H,H,THR
31,H,H,HOH
32,H,H,LEU
32,H,C.3,GLY
32,H,C.2,GLY
32,H,O.2,GLY
32,H,H,GLY
32,H,H,GLY
32,H,H,HOH
33,H,O.2,GLY
34,H,O.co2,ASP
34,H,H,GLY
34,H,C.2,ASP
34,H,O.co2,ASP
34,H,O.co2,ASP
34,H,C.3,GLY
34,H,C.2,GLY
34,H,H,GLY
34,H,H,THR
35,H,C.2,ASP
35,H,O.co2,ASP
35,H,O.co2,ASP
35,H,H,SER
35,H,H,SER
